stem,gan_edge_iou,gan_chamfer,gan_sketch_lpips,gan_psnr,gan_ssim,gan_lpips,gan_bnd_lpips,gan_face_lpips,gan_arcface_cos,dit_edge_iou,dit_chamfer,dit_sketch_lpips,dit_psnr,dit_ssim,dit_lpips,dit_bnd_lpips,dit_face_lpips,dit_arcface_cos
braid_2534,0.10448974487243622,2.4107915571411582,0.8126343488693237,10.099905615499434,0.5602803219268838,0.3572908043861389,0.018881840631365776,0.0017610848881304264,0.6731758713722229,0.10124110124110124,2.417706343017727,0.7913376688957214,10.639482969394056,0.5623177488844886,0.3428022861480713,0.014322241768240929,0.0,0.7322561144828796
braid_2537,0.1264135702746365,1.6771970104991416,0.8569416999816895,8.870086790640999,0.4269243177908446,0.4528651535511017,0.049944039434194565,0.004253086633980274,0.8748223185539246,0.12881421398223253,1.6616108918996229,0.880349338054657,7.920620095613119,0.4049896169762215,0.4568403959274292,0.07525042444467545,0.0,0.921341061592102
braid_2539,0.09420739820810786,2.3553783150440335,0.9091658592224121,10.025378444411352,0.3702746412376839,0.4143386483192444,0.012244614772498608,0.0022098044864833355,0.8659473061561584,0.08798527736394707,2.4216184510665455,0.9191566705703735,10.423531066118702,0.3615200151768412,0.3974839150905609,0.012377907522022724,0.0,0.9102596044540405
braid_2548,0.10072714268685183,2.3052460697309676,0.56634521484375,7.993790391552819,0.674633715747281,0.28485560417175293,0.04808417335152626,0.005063679534941912,0.7073737978935242,0.09578696343402225,2.3095917010048193,0.525121808052063,7.926812203047482,0.6803020425925266,0.28542593121528625,0.075605109333992,0.0,0.7351267337799072
braid_2562,0.08990305469178708,2.490478801393851,0.4787140190601349,12.648367616151724,0.7740277379169193,0.19037683308124542,0.005421616602689028,0.0019012319389730692,0.8075812458992004,0.08734885399747339,2.5410824291433904,0.5057331919670105,12.63678760202688,0.7635180880938212,0.17746520042419434,0.01048034243285656,0.0,0.8595770597457886
braid_2572,0.10192507804370447,2.4381981735721228,0.9041684865951538,10.033958566707977,0.5002654521583207,0.41495731472969055,0.0126468101516366,0.0020495618227869272,0.7110010385513306,0.09649384187524832,2.47928824559688,0.956092119216919,10.84259041932456,0.4872958902131816,0.4129205048084259,0.016824845224618912,0.0,0.6630417108535767
braid_2574,0.14312181565539603,1.4587801133011487,0.6708401441574097,11.459732343283529,0.7224370019114698,0.3020632565021515,0.05922648310661316,0.0039037177339196205,0.7312199473381042,0.14438934378964363,1.4000007168254927,0.7055484652519226,12.112625853564666,0.7165253446486893,0.3180508017539978,0.04921383410692215,0.0,0.7992554903030396
braid_2576,0.12671183508721348,1.858240653981459,0.7644811272621155,10.99446851914097,0.615109131108114,0.3614377975463867,0.025757288560271263,0.0022517323959618807,0.8418973088264465,0.12306807562360722,1.9423494109041082,0.7730817198753357,10.045099390500736,0.6332145077798428,0.31734856963157654,0.015941737219691277,0.0,0.8805700540542603
braid_2590,0.13123855311355312,1.7642229353031413,0.8863545656204224,11.07068032100039,0.47515834539411667,0.41583284735679626,0.023048032075166702,0.009885028004646301,0.7521960735321045,0.13979411931979754,1.7296275440745967,0.9278255105018616,12.398695095616395,0.47398391582315386,0.44576650857925415,0.022321537137031555,0.0,0.7763086557388306
braid_2592,0.12177228630725422,2.1958235831074173,0.9318077564239502,9.7689538738236,0.436171588812029,0.4496821463108063,0.04062256962060928,0.0019846041686832905,0.7170838117599487,0.12158641320081058,2.199050297043642,0.9741615056991577,9.620424356917773,0.4506528641678404,0.47646933794021606,0.04789543151855469,0.0,0.6867886781692505
braid_2617,0.1268591426071741,1.6599267713936103,0.7872384786605835,12.728077572074262,0.6640442485132362,0.27942943572998047,0.05856899917125702,0.0027508470229804516,0.8470114469528198,0.12932992617830777,1.7124535242400543,0.8173390626907349,13.730194030341725,0.6749964601058993,0.2629828453063965,0.053863607347011566,0.0,0.8961259126663208
braid_2625,0.10715973534971644,1.968225511492071,0.5417337417602539,7.606500996701806,0.6965882124816775,0.29827451705932617,0.06302735954523087,0.002697582123801112,0.8577840328216553,0.11091276924907771,1.9421840925040452,0.5370489358901978,9.79642791279476,0.7114830381141221,0.281023234128952,0.05214766412973404,0.0,0.8632227182388306
braid_2652,0.09785468528637928,2.1487130418710434,0.5543833374977112,10.971689314349955,0.6820104297318821,0.23265773057937622,0.00906605739146471,0.0015007294714450836,0.8182939291000366,0.09938132181086123,2.100507667252695,0.5896088480949402,10.829057794532819,0.6818335219726666,0.2298852801322937,0.008976018987596035,0.0,0.8445427417755127
braid_2653,0.11927447243983344,1.863576433755886,0.48453038930892944,9.832568362165624,0.7557819210018577,0.1972472369670868,0.028288980945944786,0.0029692768584936857,0.9128473401069641,0.11997559818342032,1.8568171275227376,0.5207070112228394,10.22950228341043,0.752938881876954,0.21645188331604004,0.02177952416241169,0.0,0.9219284057617188
braid_2657,0.11701403078599645,2.1750811442481686,0.8133299946784973,11.311701949341039,0.5792296828580771,0.31608715653419495,0.015625255182385445,0.001489223912358284,0.7478574514389038,0.1130550918196995,2.169170891503842,0.8416638374328613,12.682346150456475,0.5792401338488685,0.31089696288108826,0.016566572710871696,0.0,0.7700072526931763
braid_2676,0.10216686396623603,2.243294825887651,0.4014850854873657,9.174000291076732,0.7754777479773423,0.191977396607399,0.01588834822177887,0.0024503464810550213,0.7454901933670044,0.10925173320583313,2.165613545909098,0.45246297121047974,9.457596568031542,0.7712647224254642,0.19186189770698547,0.022431857883930206,0.0,0.789533257484436
braid_2691,0.1136576239476146,1.9122176879098383,0.6799050569534302,10.735882155197325,0.6256119033932919,0.2930843234062195,0.022442646324634552,0.0028145015239715576,0.784126877784729,0.11821216869932548,1.8604512677014025,0.6684760451316833,12.136464088097958,0.629585049676478,0.2969008982181549,0.022881880402565002,0.0,0.8184460401535034
braid_2704,0.10641273940176459,2.40192449706829,0.9474644660949707,12.438425381392971,0.45659355442548927,0.4335806667804718,0.016796624287962914,0.008193518035113811,0.8198084831237793,0.10558671268334771,2.3586473417254843,0.99821937084198,13.297074523674087,0.47268115898473745,0.4709053039550781,0.01622714288532734,0.0,0.8668413758277893
braid_2727,0.11967237979675413,1.7842449262066595,0.7007260322570801,11.868339234860734,0.658340817334164,0.34101951122283936,0.03453725576400757,0.004347368609160185,0.6295226812362671,0.12126638492944632,1.710192989873937,0.7368416786193848,13.368368129217515,0.6595809857809894,0.32244497537612915,0.022757813334465027,0.0,0.7722128629684448
braid_2743,0.11616537357848868,1.9478497888844646,0.6564356684684753,12.40344900398152,0.6912020869820831,0.2942694425582886,0.0362100750207901,0.004000679589807987,0.8455724716186523,0.12308843973906534,1.8684669243807495,0.6434483528137207,14.004928782934085,0.6948823976236792,0.2747005820274353,0.03878343477845192,0.0,0.8152028322219849
braid_2753,0.1492215024434595,1.1772522585846175,0.8062931299209595,10.122440709238044,0.5502091250701534,0.37753233313560486,0.04783156141638756,0.0012870215578004718,0.8498293161392212,0.1571671388101983,1.1399665917469783,0.8114596605300903,11.397428868226434,0.5728088611378226,0.3653861880302429,0.04742656275629997,0.0,0.8355419635772705
braid_2773,0.12452394691286786,1.5205767618755803,0.8949607610702515,11.473521060293931,0.5389952890766946,0.3658097982406616,0.02797761932015419,0.003403672017157078,0.8841171264648438,0.13906091656345007,1.4407951074008811,0.9137214422225952,11.954860520470525,0.5125805672274081,0.3379821181297302,0.03457415848970413,0.0,0.9216916561126709
braid_2787,0.11687378780260038,1.9955779673330047,0.768102765083313,11.311784109465941,0.6185307626654054,0.29203006625175476,0.01796800270676613,0.001638098037801683,0.8183560967445374,0.11639669195543709,1.9666147356004955,0.8259714841842651,12.604545762584456,0.6093000664270424,0.31533318758010864,0.02227146364748478,0.0,0.8277665972709656
braid_2803,0.10194283162125949,2.581521863332302,1.0892817974090576,10.856529680714623,0.35500922918436384,0.47669482231140137,0.03457549214363098,0.0020857553463429213,0.8541320562362671,0.09898904802021904,2.54550485736729,1.1652441024780273,12.133693413595418,0.3850666804885994,0.4712071418762207,0.029381943866610527,0.0,0.901768684387207
braid_2830,0.08184390311227659,3.8769136419075103,0.8246264457702637,12.980800529714108,0.5224884595585885,0.3366198241710663,0.018169939517974854,0.0032645887695252895,0.7012432217597961,0.08466999737049698,4.055927199290631,0.8595578670501709,13.496464984973343,0.5399952591217135,0.3291451632976532,0.014510879293084145,0.0,0.7967315912246704
braid_2846,0.12944279591163865,1.5245165103004665,0.9920969009399414,11.358438024108839,0.4673320959840219,0.4460625648498535,0.011023472063243389,0.002523125382140279,0.7590285539627075,0.13820908190691752,1.4444583285103694,0.9842813014984131,13.98086405225425,0.4887950843457185,0.44232305884361267,0.02641311101615429,0.0,0.7410114407539368
braid_2885,0.09721583064887253,2.6788630341447384,0.7261534333229065,11.058245881651438,0.5840906979754307,0.31417104601860046,0.010457965545356274,0.0036780890077352524,0.878877580165863,0.09643718189124029,2.6054965422403846,0.7918992638587952,12.604025437407284,0.591305037261944,0.2899869382381439,0.01409764401614666,0.0,0.9243824481964111
braid_2951,0.1536671972572548,1.2222233448548832,0.7226290106773376,12.188061535322557,0.5808820789524808,0.31525999307632446,0.03295102342963219,0.006057963240891695,0.8125441670417786,0.16197098669224314,1.1717050932094524,0.7923305630683899,12.33343157186615,0.5607768490864473,0.2925432324409485,0.031000472605228424,0.0,0.8272051811218262
braid_2974,0.1218801592696902,1.5563445214620502,0.701665997505188,11.630958503800583,0.6598023626658774,0.2916693091392517,0.03278040140867233,0.0025417921133339405,0.8073170185089111,0.13348089693003562,1.4907241804550662,0.7272043228149414,12.955361923414825,0.6601322683897086,0.28105199337005615,0.046187710016965866,0.0,0.8540352582931519
braid_2980,0.13019459513263326,1.6431293407854932,0.7454171776771545,12.022478270447811,0.6433587314858276,0.3277539610862732,0.054842352867126465,0.0035074891056865454,0.7706543803215027,0.132994515171338,1.5575119826966835,0.7371088266372681,12.403317091987097,0.6435267151881395,0.3166796863079071,0.04865243285894394,0.0,0.8318495750427246
braid_3011,0.12355470616340182,1.720597207366005,0.5365529656410217,10.751611593064446,0.7476177971821816,0.1980174332857132,0.009492804296314716,0.0023940301034599543,0.7570860385894775,0.11976667607488946,1.745138020140248,0.5649726986885071,11.809637893738198,0.7544919362298357,0.202040433883667,0.012526484206318855,0.0,0.762394905090332
braid_3018,0.0951520389722637,2.8691326018915477,0.8227857947349548,10.626346143118528,0.5685514121807017,0.3604534864425659,0.03792933374643326,0.006927595939487219,0.8220868110656738,0.09550605705353654,2.8980697136204983,0.8723117709159851,10.91832045106811,0.5657143307526845,0.3339575231075287,0.03501718491315842,0.0,0.8052852153778076
braid_3026,0.09992449030958973,2.116235276183996,0.8147500157356262,11.524817269494198,0.576886433150052,0.35738617181777954,0.015001670457422733,0.0031402111053466797,0.7613551020622253,0.1016414547795301,2.1073511131097686,0.8101541996002197,11.443219792988247,0.5855650298771559,0.3789968490600586,0.015169492922723293,0.0,0.7631260752677917
braid_3029,0.13184011026878015,1.6697553857107716,0.6762114763259888,10.819371927044038,0.6503667089820854,0.28598809242248535,0.013688200153410435,0.003875559661537409,0.6827170848846436,0.1385508462722059,1.6416673518740126,0.6920139193534851,12.912766470817644,0.650809431980912,0.27392280101776123,0.018791833892464638,0.0,0.6257031559944153
braid_3035,0.08279628618241398,3.0074899305810994,0.8415790796279907,11.78690728050826,0.5374408424985982,0.3497607111930847,0.019337184727191925,0.0038019290659576654,0.8147352933883667,0.09450685936882516,2.9513746402946186,0.8346050381660461,13.066827679679117,0.5503478038830473,0.3534488081932068,0.020448433235287666,0.0,0.8298416137695312
braid_3046,0.10180888341699025,2.839134660974871,0.46938806772232056,10.41111137474209,0.7307710390503958,0.2536328434944153,0.0391836017370224,0.002931880299001932,0.7838765382766724,0.09632757266300078,2.768290299084734,0.4490441083908081,11.255823198161663,0.7375078915280128,0.231489360332489,0.03707457333803177,0.0,0.7877962589263916
braid_3048,0.09019939804364184,3.523673739668385,0.795868992805481,9.730531380961272,0.4996436533415441,0.3421018123626709,0.0068826088681817055,0.00205820519477129,0.7857906222343445,0.0812791763012085,4.049998319302958,0.8407052159309387,9.747131630012372,0.4928380471676874,0.33713120222091675,0.014626792632043362,0.0,0.7581104040145874
braid_3075,0.10864745011086474,2.2684857406227183,0.8129997253417969,10.217167251160824,0.583097701563963,0.31506991386413574,0.02245686762034893,0.0029706452041864395,0.831311821937561,0.10298265105546535,2.2808895091176606,0.788325309753418,10.8548671014091,0.5742365193979225,0.3291589617729187,0.034012969583272934,0.0,0.8945751190185547
braid_3092,0.09534359744648892,2.745195159092747,0.9441872239112854,11.008039196611278,0.4471360198240067,0.39450281858444214,0.013890868052840233,0.0020331861451268196,0.7859163284301758,0.09621925175986712,2.6957139636355674,0.9182937145233154,11.315299963143968,0.47309262180168205,0.3929314911365509,0.025768877938389778,0.0,0.8732727766036987
braid_3112,0.11997648960399676,1.9101930122656419,0.6991363763809204,11.718462407388483,0.625740371770971,0.3069729804992676,0.016346435993909836,0.00348354852758348,0.739931583404541,0.12367957746478873,1.8595129380739148,0.7032792568206787,12.946750320394047,0.6392173404104202,0.29407116770744324,0.014357966370880604,0.0,0.7280981540679932
braid_3139,0.12596306713953773,1.739723541246784,0.5905418992042542,10.329067034106371,0.7373749593462259,0.25487592816352844,0.04785137251019478,0.003110619029030204,0.7178263664245605,0.12183235867446393,1.7300541859024745,0.5818217992782593,11.907101612504347,0.7423423969279398,0.2362990826368332,0.03335470333695412,0.0,0.7841212749481201
braid_3180,0.11310529279279279,1.9000496050724103,0.5432409048080444,11.51389149752843,0.7357150567982852,0.20341646671295166,0.01259935274720192,0.0016471310518682003,0.9041609168052673,0.10750521195274496,1.9316504956268687,0.5636444687843323,12.182508082194719,0.738964923711503,0.22377291321754456,0.014693008735775948,0.0,0.91519695520401
braid_3187,0.12473118279569892,1.8237003631127047,0.6897313594818115,12.522856972773017,0.6478214368461285,0.26734983921051025,0.014704624190926552,0.002455636393278837,0.8479018211364746,0.12503956948401393,1.7454076299528236,0.7126084566116333,13.526359933602913,0.6406426736952334,0.2978609502315521,0.021136019378900528,0.0,0.8954253792762756
braid_3188,0.14269406392694065,1.4459553445291577,0.8173930048942566,9.792991440824172,0.5405404258106402,0.32277384400367737,0.009153813123703003,0.0023127077147364616,0.8101141452789307,0.13895075476367236,1.4234561514755995,0.845853328704834,10.678714311489736,0.5345190872277947,0.3850094974040985,0.01231509167701006,0.0,0.8381415605545044
braid_3276,0.08916500994035785,2.619721923029623,0.7812017202377319,10.537017830180442,0.5629127680044521,0.32221221923828125,0.013524798676371574,0.0018370847683399916,0.7289631366729736,0.09467269097404644,2.5858131190767035,0.7603085041046143,10.935007305350506,0.5734135654943073,0.31838974356651306,0.019228342920541763,0.0,0.7356500029563904
braid_4005,0.09364949233776881,3.2816164947675572,0.6548387408256531,10.366011269891441,0.6693626405591305,0.2623167932033539,0.02133546769618988,0.0017291961703449488,0.9538165926933289,0.10171404387388022,2.6935454998224215,0.6159425377845764,10.284073708247696,0.6585963871058268,0.2879679203033447,0.02364019677042961,0.0,0.9485478401184082
braid_4031,0.09627580336241753,2.38070568108703,0.8893831372261047,10.278630335882124,0.414189263267885,0.42404454946517944,0.021772313863039017,0.0025882937479764223,0.8599991202354431,0.09705660975319891,2.343979649693535,0.9823969602584839,11.819818241840744,0.41162655389981867,0.44145628809928894,0.02565113827586174,0.0,0.8500404953956604
braid_4035,0.08694377961217213,2.884383819695251,0.8550105094909668,11.497111439494738,0.4987396476103469,0.3716689944267273,0.01513812504708767,0.0017341480124741793,0.6523495316505432,0.09262688126097897,2.892682732266618,0.8751084804534912,11.755636316791406,0.4875560723447186,0.38494956493377686,0.020716270431876183,0.0,0.6464381217956543
braid_4040,0.0903177527055031,3.131724519443966,0.5575924515724182,11.770277648778277,0.7145705707698133,0.21180160343647003,0.02418750897049904,0.0016488746041432023,0.8174928426742554,0.09881017092468443,2.886713554279336,0.5478540658950806,12.447273358334009,0.7170992525895742,0.2323116958141327,0.02932952344417572,0.0,0.812436580657959
braid_4042,0.07606184467744802,3.63818242538739,0.7745398283004761,10.356092597785135,0.5659001350774203,0.277128666639328,0.02305000275373459,0.005437497515231371,0.8812956809997559,0.0683811067717928,3.8727534449484673,0.8997730016708374,10.080184793789723,0.5477073326199042,0.2822355031967163,0.027029970660805702,0.0,0.8815020322799683
braid_4045,0.09456157299539694,2.264288283246076,0.8513667583465576,10.911881922381216,0.5522683652688744,0.3216853439807892,0.02212139591574669,0.0020358888432383537,0.7313159704208374,0.10191119916093695,2.243879858868315,0.8449076414108276,12.494795805166888,0.5831849380460303,0.3020247519016266,0.01842401921749115,0.0,0.7372162342071533
braid_4052,0.09146096504932374,2.8277232630449545,0.9272348880767822,10.788111114921907,0.4990794041825157,0.43298012018203735,0.018910376355051994,0.0031060471665114164,0.6573944091796875,0.09233839563862928,2.8802945507503543,0.8654504418373108,11.942235336340264,0.5257047369879536,0.41505753993988037,0.02416686899960041,0.0,0.717079758644104
braid_4059,0.08933889219773675,2.8353312100173955,0.5912302136421204,10.879006610052013,0.6685119470324606,0.24973829090595245,0.033846013247966766,0.002493304666131735,0.7969539761543274,0.09114475932363166,2.765240691609737,0.6095879077911377,12.1808760400655,0.6757463812323715,0.2346421480178833,0.03250369802117348,0.0,0.837836503982544
braid_4090,0.09024164231235299,2.742376993715279,0.7617407441139221,11.337782601723385,0.6011392566539856,0.3375186026096344,0.01908220164477825,0.003436742117628455,0.7295287847518921,0.08413161182840483,2.9986471987079217,0.7430620789527893,12.340357459380684,0.6165133522893546,0.32227495312690735,0.019864752888679504,0.0,0.7766467332839966
braid_4097,0.0912336675782437,3.1964479194916473,0.7625964879989624,11.07262452942811,0.5466277046293817,0.29816940426826477,0.014825456775724888,0.005384394899010658,0.8549485206604004,0.07732284570545685,4.403581236466072,0.8186624646186829,11.287121415973253,0.534799404361969,0.29073047637939453,0.021276511251926422,0.0,0.7494776248931885
braid_4105,0.08704867156157747,2.7093947333260835,0.6204084157943726,12.451511398511446,0.6732407712429934,0.274722695350647,0.015549779869616032,0.002629978582262993,0.7059503793716431,0.07876736478386574,2.7220144614518382,0.6695996522903442,14.235411875423106,0.6763960334564562,0.284384161233902,0.013287149369716644,0.0,0.7064592242240906
braid_4106,0.1159042927515834,1.9494232414144526,0.979988157749176,11.402501454019829,0.46483957829656614,0.444350928068161,0.034809187054634094,0.006510182283818722,0.7164837121963501,0.10551239363669997,1.9796902871468978,0.9026719331741333,12.403737229904898,0.46490606012147656,0.4095544219017029,0.033147647976875305,0.0,0.6836706399917603
braid_4108,0.113864906043677,1.940842095092663,0.8135183453559875,10.231583418507636,0.5314911652505834,0.36445972323417664,0.059208136051893234,0.002430118853226304,0.7083720564842224,0.11201801294680552,1.9065955755430752,0.8725764751434326,13.702727363810247,0.5329361650912517,0.36993640661239624,0.04117486625909805,0.0,0.7690625786781311
braid_4124,0.09793081661664824,2.298426501444434,0.911723792552948,9.896885668701303,0.428168471419901,0.41846564412117004,0.025518596172332764,0.004031771793961525,0.7836534976959229,0.09896688741721854,2.411944962297367,0.8918731212615967,11.482875949434781,0.4273186934496687,0.4030095338821411,0.030352575704455376,0.0,0.7425583004951477
braid_4125,0.10445671618573539,2.1749893590806373,0.768459677696228,11.792815536325465,0.633093948566589,0.3360768258571625,0.03723917528986931,0.005070019979029894,0.7161515951156616,0.11103000811030009,2.1290638907695656,0.7702302932739258,14.419599825736018,0.6458006785665935,0.30122900009155273,0.03237998113036156,0.0,0.7659879922866821
braid_4126,0.1075511189824505,2.030533655262838,0.941277801990509,9.792719698354698,0.49483544466781,0.476095050573349,0.028371257707476616,0.00518332002684474,0.762040913105011,0.10831692167853356,2.012110862009659,1.002844214439392,11.126802494014122,0.48222448653987476,0.428265243768692,0.031101441010832787,0.0,0.826502799987793
braid_4129,0.10437080969571945,2.368767456928979,0.5915677547454834,11.032763769978754,0.694578404313465,0.25453996658325195,0.03111443668603897,0.0034147556871175766,0.7071376442909241,0.11110427182075588,2.2419281025424285,0.6177183389663696,12.146865192505148,0.6941608919925478,0.25367259979248047,0.020238172262907028,0.0,0.7392582893371582
braid_4130,0.10942480942480942,2.478899087320214,0.8145386576652527,12.787366225570892,0.5700561994458085,0.3079722821712494,0.02408597432076931,0.006033443845808506,0.7620810270309448,0.11665984445354073,2.4020489587325575,0.8317484259605408,13.958392892561644,0.5801225987566655,0.3039310872554779,0.020632155239582062,0.0,0.8857495188713074
braid_4132,0.10695478481932086,2.5141926814011315,0.7486727237701416,10.81755729918812,0.6142397666787295,0.305154025554657,0.021119283512234688,0.0025268790777772665,0.6429599523544312,0.10732027369013028,2.4981836213251163,0.76490718126297,12.50320557160498,0.60303955106416,0.31716492772102356,0.02311837114393711,0.0,0.7284818887710571
braid_4133,0.07291592383940669,3.7430743922801826,0.9969359636306763,7.637260905036166,0.3517937303529591,0.46083006262779236,0.00909534003585577,0.005816133692860603,0.5034835338592529,0.07235509435303315,3.7434084334430664,1.0131524801254272,8.185607000202337,0.36610675819949456,0.4760054349899292,0.013660485856235027,0.0,0.44300559163093567
braid_4135,0.0869830425765524,3.004116101358764,0.8757485747337341,11.169611256679016,0.5108338845432551,0.35035771131515503,0.04931230470538139,0.001846212544478476,0.8228549957275391,0.08664710656095886,3.052278295449271,0.8605884909629822,13.118127494799284,0.554407892658673,0.3393821716308594,0.0231234859675169,0.0,0.785100519657135
braid_4138,0.06957717926440776,4.116127571815143,0.8164669275283813,11.24716307905956,0.5474429931662884,0.3628316819667816,0.01844630017876625,0.0024315621703863144,0.8959421515464783,0.0696600434647625,4.024516829412729,0.7905555963516235,12.639102642852754,0.5819777652218928,0.3502141237258911,0.013552497141063213,0.0,0.8470500707626343
braid_4143,0.11334274237324937,3.1855782274967597,0.6719458699226379,11.184088427892732,0.7238093318648451,0.21907618641853333,0.012606055475771427,0.002744833007454872,0.7981830835342407,0.11071171818835371,3.312823500372532,0.7152586579322815,11.502165432569907,0.6947462486140096,0.2584304213523865,0.026836857199668884,0.0,0.8341490626335144
braid_4144,0.1176077067166176,1.709390965973413,0.45026281476020813,9.94757360317368,0.806019567301474,0.20053288340568542,0.028411321341991425,0.0109315887093544,0.7277792692184448,0.1248513674197384,1.67748670332933,0.44844478368759155,12.316722820616237,0.8074932749163337,0.17352861166000366,0.019447525963187218,0.0,0.7762528657913208
braid_4151,0.11166769420468557,1.9404832090035393,0.7061389088630676,12.815611710908696,0.6539043236054154,0.2985767722129822,0.03977074474096298,0.004742591176182032,0.7339538335800171,0.11141157382368848,1.911623735640107,0.7175502777099609,14.17502949115505,0.6585823450468236,0.3094682991504669,0.02068115770816803,0.0,0.789478600025177
braid_4156,0.09383080901366826,2.778817754419072,0.7225704193115234,11.205206405378798,0.6712748215689701,0.2957797646522522,0.04833917319774628,0.0028301216661930084,0.7909703254699707,0.09678327584993313,2.809833535287337,0.7629149556159973,11.761207900797999,0.6814433952985647,0.31247827410697937,0.0326143242418766,0.0,0.8105019330978394
braid_4159,0.0834924965893588,2.6519641035408688,0.6588322520256042,11.774051482079251,0.6721881956023413,0.28366655111312866,0.008212474174797535,0.004513790365308523,0.8142591714859009,0.08712121212121213,2.637794519637348,0.7280019521713257,13.090281711606579,0.6518346760580563,0.3474147319793701,0.007421109359711409,0.0,0.7780663371086121
braid_4160,0.09205923941355958,3.5215439658208045,0.8595215678215027,11.646446213234283,0.5634074236094663,0.3326152563095093,0.05874145030975342,0.007619989104568958,0.7010703682899475,0.09006909850554395,3.4396929977647694,0.8078818321228027,12.449226316625898,0.5761970996460525,0.3309977054595947,0.031737711280584335,0.0,0.7191400527954102
braid_4161,0.0942193461148404,2.472468189371804,0.693832278251648,11.924225666711333,0.6474828076499457,0.2437283992767334,0.01002378948032856,0.0018433347577229142,0.7501419186592102,0.09708881335894784,2.4113295420698755,0.7142459154129028,13.142446355830224,0.6518046609381268,0.24854713678359985,0.0187130868434906,0.0,0.832218587398529
braid_4175,0.12318201851035698,1.6884924893155626,0.5869221091270447,11.19547854077516,0.7161210740628102,0.23317798972129822,0.017284536734223366,0.005953948479145765,0.7827536463737488,0.12669193286410396,1.6170390494325595,0.6121624708175659,12.745362970529309,0.7107569087430766,0.21675832569599152,0.015442985109984875,0.0,0.8577336668968201
braid_4185,0.08505361441388869,2.649489498295297,0.9954883456230164,10.609177544610183,0.4366690686371035,0.4970126450061798,0.04472597315907478,0.004132823087275028,0.8197756409645081,0.08742951907131012,2.614536550607705,1.0556930303573608,12.161080556491456,0.4281843909783398,0.4987046718597412,0.041574470698833466,0.0,0.7943580150604248
braid_4196,0.0844833389431168,3.1552600162987496,0.7507643699645996,13.946581616148624,0.634858623768185,0.27694812417030334,0.029875826090574265,0.0035028187558054924,0.7979128360748291,0.08320172886709334,3.2024666591915234,0.7869810461997986,15.267090313320331,0.6521430123674806,0.27595987915992737,0.015754016116261482,0.0,0.7784656882286072
braid_4201,0.09141561998300123,2.8995745696709854,0.8141396045684814,13.777659255449208,0.6122045785095548,0.29470857977867126,0.019230306148529053,0.00802129041403532,0.8400132060050964,0.09343216686778141,2.903234342294759,0.9025712609291077,13.407086786886257,0.5913799113859273,0.34932488203048706,0.01857314258813858,0.0,0.8206527829170227
braid_4203,0.08424724030060048,3.1492642984699484,0.9964105486869812,11.361486417388795,0.3905095524960398,0.4326586425304413,0.009463783353567123,0.0035175879020243883,0.5722179412841797,0.08169478170552631,3.2202734264497934,1.0240949392318726,12.071182008410142,0.3981637444545068,0.502048134803772,0.010388574562966824,0.0,0.5733157396316528
braid_4211,0.12491005900129515,1.652132797966227,0.592402458190918,14.080538577577151,0.798113183616298,0.23612791299819946,0.06429147720336914,0.0029719630256295204,0.8110118508338928,0.1393153965347232,1.608404026217941,0.6335418224334717,13.91964170179497,0.7841407467730556,0.23787365853786469,0.04612748324871063,0.0,0.8393385410308838
braid_4212,0.11083510764135321,2.2051487944244093,0.5498924851417542,12.910488235511906,0.749355986446091,0.2177201211452484,0.0252687968313694,0.005867330357432365,0.7770113348960876,0.11495399623101651,2.234973114380799,0.563454806804657,13.80408599918866,0.7485556919198223,0.2219909280538559,0.029299091547727585,0.0,0.8463361263275146
braid_4214,0.11555395164200649,1.921168593351799,0.7137109637260437,10.035606026117138,0.6134982935304111,0.3386911451816559,0.034517258405685425,0.001948696211911738,0.8425383567810059,0.12438203052231855,1.93428901173722,0.764324426651001,10.012419159739059,0.6156843149794634,0.35952991247177124,0.021200016140937805,0.0,0.8158060312271118
braid_4223,0.1145473231804167,1.8888945283145837,0.7215222120285034,10.866583286088003,0.6246725058814232,0.3520626425743103,0.034504495561122894,0.0048332554288208485,0.7331395149230957,0.12367621327930749,1.7501920351208737,0.7320653200149536,13.1410780434683,0.6419337756575035,0.33294224739074707,0.027069654315710068,0.0,0.8182803392410278
braid_4228,0.0937703636126678,2.6256093523102884,0.6402420997619629,12.269305406366131,0.697260309071191,0.23484620451927185,0.01869897171854973,0.0016209222376346588,0.7934898138046265,0.1015948422124194,2.5800353834740957,0.6308121085166931,13.003752578209086,0.6949149535738749,0.2631250023841858,0.02891918458044529,0.0,0.7584915161132812
braid_4247,0.09338400199352105,3.0156377922381257,0.7676297426223755,11.69608526369643,0.5867666509594502,0.3227623701095581,0.03090611658990383,0.001905497396364808,0.6581282615661621,0.09464365327049233,3.1176711216655577,0.7586663961410522,12.541284780167297,0.5934386095956574,0.2922535538673401,0.020045118406414986,0.0,0.6908294558525085
braid_4250,0.09225264467952707,2.8161192728941176,0.4898568093776703,12.091749617250787,0.7384073963938445,0.19848144054412842,0.021134868264198303,0.0030289231799542904,0.7953164577484131,0.09901204297973606,2.8567140719445003,0.5202377438545227,12.892305721233397,0.7371562707029607,0.2193882018327713,0.028277678415179253,0.0,0.8285946249961853
braid_4261,0.13892599519102325,1.4325993462532542,0.6332992315292358,8.501257420768606,0.5191658257003534,0.40936484932899475,0.061334699392318726,0.0060873618349432945,0.8726052045822144,0.13099273607748185,1.4054306874053402,0.7541629672050476,9.334237545576572,0.5127363298959805,0.3575216233730316,0.039458852261304855,0.0,0.9151257276535034
braid_4276,0.10088076985809818,2.761398518509578,0.7413654923439026,12.676996688195072,0.6388515551226658,0.28899213671684265,0.026259128004312515,0.0018024242017418146,0.6989003419876099,0.10324680744512144,2.920320856394377,0.7492039203643799,13.870395620600792,0.6395914570971497,0.28583046793937683,0.024268126115202904,0.0,0.8002576231956482
braid_4284,0.10187584205617162,2.1435739662795963,1.011426568031311,11.143806687348938,0.5093891661905298,0.4302681088447571,0.05043446272611618,0.009990722872316837,0.6733940243721008,0.10831701535607544,2.0966048011280844,0.9861648082733154,13.307283423486961,0.525434967064341,0.4059535264968872,0.038003623485565186,0.0,0.7056007981300354
braid_4292,0.10290519877675841,2.2121736382129846,0.8091753721237183,11.064044496414818,0.6461224972455305,0.31708794832229614,0.05805591866374016,0.004371513146907091,0.831922709941864,0.1021355617455896,2.2078951073291546,0.7947494387626648,13.92790442174495,0.6668930992861289,0.2947058081626892,0.044565558433532715,0.0,0.8856520652770996
braid_4293,0.08744131455399061,3.021290033154842,0.4696740508079529,9.902404624167785,0.7140264206036826,0.20738434791564941,0.026372749358415604,0.0035851101856678724,0.7013872265815735,0.08243351329734053,2.951439618195256,0.4906161427497864,10.34355125883738,0.7192497008811918,0.19916532933712006,0.027653057128190994,0.0,0.8527681827545166
braid_4304,0.10298119742701632,2.5884953256458116,0.9084301590919495,12.647957269916354,0.5269207205677309,0.37426111102104187,0.011081752367317677,0.0037779314443469048,0.8034089803695679,0.10734532154830845,2.519228588323144,0.9109270572662354,14.826496992903916,0.5328688809775038,0.34469693899154663,0.012554063461720943,0.0,0.7750768065452576
braid_4314,0.10206936471950219,2.518977252537482,0.9091217517852783,12.649000550256364,0.4463731338026664,0.38692009449005127,0.013929136097431183,0.0027373535558581352,0.7346115112304688,0.09782608695652174,2.5325309841328565,0.9440710544586182,14.637590591684146,0.4683710160614705,0.33282896876335144,0.010152945294976234,0.0,0.793840765953064
braid_4315,0.043245988600665905,16.287121330407782,0.9499778151512146,10.553751626677244,0.42979323208108705,0.47264742851257324,0.014005952514708042,0.002143720630556345,0.5545310974121094,0.04396413276231263,14.826123014783962,0.8877193927764893,11.398762390451784,0.4691585866132839,0.4829644560813904,0.028877437114715576,0.0,0.3813633322715759
braid_4318,0.07790069801132622,3.125400341455032,0.8164661526679993,7.857876945742051,0.5131147457755604,0.4148242473602295,0.03580119088292122,0.0022537566255778074,0.7131379842758179,0.09146854958865064,3.0695958057693664,0.8416502475738525,8.217682717445083,0.5209044690813803,0.4184693992137909,0.05123186856508255,0.0,0.7144216299057007
braid_4331,0.09308816286324084,2.400883395147608,0.8027453422546387,12.519251453899251,0.5846156671320059,0.26676130294799805,0.025927789509296417,0.005673668347299099,0.7737360596656799,0.09908110267678785,2.3261468402981715,0.8231641054153442,13.207630014917422,0.5640771648808353,0.2577921450138092,0.034276559948921204,0.0,0.8828750848770142
braid_4350,0.11886356791486799,2.1187551906827973,0.5508134365081787,13.062333565271228,0.7855288462609126,0.19435295462608337,0.02149971015751362,0.004919617902487516,0.6841267347335815,0.11633349585568016,2.1424785594168547,0.5712366700172424,13.09859505480472,0.7720656122448095,0.20428891479969025,0.031973592936992645,0.0,0.8735355138778687
braid_4360,0.0779390575804472,3.5465716773377625,0.6326172351837158,10.635835694879622,0.6180470810610138,0.29434525966644287,0.02694767341017723,0.005199502222239971,0.7612305879592896,0.07894667682846705,3.491790634151195,0.6567903161048889,11.572379349707205,0.6212932215310953,0.3031362295150757,0.029207296669483185,0.0,0.725699782371521
braid_4365,0.08039064507838602,4.474081576441021,0.8501604795455933,10.813277455329446,0.4708323598650374,0.38285133242607117,0.0323474295437336,0.0021200214978307486,0.7460778951644897,0.06498116092393381,5.2852221616019595,0.8035945892333984,12.654415434779667,0.47442536607871993,0.3420599699020386,0.027758333832025528,0.0,0.7506281137466431
braid_4377,0.051537408191211255,16.02331810923975,1.0139319896697998,12.174649574824517,0.3907313132428994,0.3741324841976166,0.011434538289904594,0.0037151146680116653,0.7609069347381592,0.05485491426270163,14.933869882109187,1.0134798288345337,12.690351829983,0.40208849465178553,0.4375934600830078,0.021462565287947655,0.0,0.8013187646865845
braid_4378,0.0650938316415053,4.26430230651175,0.8448926210403442,10.628054421575131,0.4881909815073968,0.37859806418418884,0.026955660432577133,0.003034587949514389,0.7001946568489075,0.06617314091079128,4.263814248475843,0.8688583970069885,10.770759376442513,0.4903879304852527,0.3759797215461731,0.025415124371647835,0.0,0.6425646543502808
braid_4383,0.09976144003469962,3.2365719599779936,0.8499624133110046,11.99404812223525,0.5315903783736452,0.36504092812538147,0.02635853737592697,0.0011447235010564327,0.7611587643623352,0.09984428526938649,3.442340199295865,0.9178391695022583,13.754891456659683,0.5217765713569549,0.3398329019546509,0.01947830617427826,0.0,0.7746564745903015
braid_4386,0.09619596074296374,2.2388846722948896,0.7385563254356384,12.675962988470049,0.6330201213112748,0.27505743503570557,0.0243145152926445,0.003079322399571538,0.8243907690048218,0.10970760233918128,2.0904287388942406,0.7801766395568848,13.607332657569827,0.6409188156456159,0.29779520630836487,0.024092435836791992,0.0,0.8216226100921631
braid_4388,0.09644268774703557,2.428298457469954,0.8336297273635864,11.590366315612421,0.6159165724373326,0.3662166893482208,0.06104087457060814,0.005188951268792152,0.7246127128601074,0.10912803448536641,2.3014073893167497,0.8882057666778564,13.92570190496249,0.6060606363110227,0.4110877513885498,0.056168727576732635,0.0,0.7180744409561157
braid_4390,0.09007066714576596,2.7524531911160253,0.7824942469596863,12.54371495619412,0.5463034853622593,0.3507353961467743,0.00880502164363861,0.003011120017617941,0.7162647843360901,0.08994191730404279,2.767248778100431,0.8111516237258911,13.35525994163094,0.5524503821069336,0.2893066108226776,0.007822772487998009,0.0,0.7208211421966553
braid_4395,0.09217520731448012,2.368038648072681,0.8745224475860596,12.819937972829704,0.578643959656703,0.3560650050640106,0.03111961856484413,0.0033321427181363106,0.8161101937294006,0.10511577813677975,2.249664373558166,0.8713774681091309,14.496291150932258,0.5847100939280621,0.3220016658306122,0.02929222583770752,0.0,0.7767401337623596
braid_4399,0.09969788519637462,2.694336726410742,0.8449222445487976,12.477026133451963,0.5701089141436819,0.35789570212364197,0.014805242419242859,0.0026176059618592262,0.6977227926254272,0.09805375347544022,2.657320833480599,0.8542147874832153,12.629440747833659,0.5597372907408419,0.3678135871887207,0.015220983885228634,0.0,0.767254114151001
